row,mode,kind,operation,pages_per_stream,count,passes,payload_bytes,sum,old_kernel_ticks,on_kernel_ticks,delta_kernel_ticks,delta_kernel_ticks_percent,old_flush_ticks,on_flush_ticks,delta_flush_ticks,delta_flush_ticks_percent,old_inclusive_ticks,on_inclusive_ticks,delta_inclusive_ticks,delta_inclusive_ticks_percent,old_cycles_per_payload_byte,on_cycles_per_payload_byte,old_kernel_MiB_s,on_kernel_MiB_s,old_inclusive_flush_MiB_s,on_inclusive_flush_MiB_s,old_state_cycle,on_state_cycle,old_uart_cycle,on_uart_cycle
0,S-Bare,8K_warmed,READ,2,1024,8,65536,6863348401280905216,16582,18693,2111,12.73067181280907,0,0,0,,16582,18693,2111,12.73067181280907,0.253021240234375,0.2852325439453125,376.914726812206,334.3497565933772,376.914726812206,334.3497565933772,7566973,7429040,8250004,8109894
1,S-Bare,8K_warmed,WRITE,2,1024,8,65536,0,41256,41256,0,0.0,3224,3214,-10,-0.31017369727047145,44480,44470,-10,-0.022482014388489208,0.6295166015625,0.6295166015625,151.493116152802,151.493116152802,140.51258992805757,140.54418709242185,8844706,8702055,9581560,9436934
2,S-Bare,8K_warmed,COPY,2,1024,8,65536,0,57541,49294,-8247,-14.332389079091431,3234,3229,-5,-0.15460729746444032,60775,52523,-8252,-13.577951460304401,0.8780059814453125,0.752166748046875,108.61820267287673,126.79027873574877,102.83833813245577,118.99548769110676,10217800,10060337,10939918,10782068
3,S-Bare,128K_stream,READ,32,16384,1,131072,12868991267764166656,172194,172193,-1,-0.0005807403277698409,0,0,0,,172194,172193,-1,-0.0005807403277698409,1.3137359619140625,1.3137283325195312,72.59254097123012,72.59296254783877,72.59254097123012,72.59296254783877,11834935,11672558,12566342,12401574
4,S-Bare,128K_stream,WRITE,32,16384,1,131072,0,215809,211731,-4078,-1.8896338892261213,10694,10694,0,0.0,226503,222425,-4078,-1.8004176545123023,1.6464920043945312,1.6153793334960938,57.92158807093309,59.03717452805682,55.1869070166841,56.198718669214344,13546031,13371049,14306563,14131243
5,S-Bare,128K_stream,COPY,32,16384,1,131072,0,383555,376455,-7100,-1.8511034923283494,5607,5601,-6,-0.10700909577314072,389162,382056,-7106,-1.8259747868496925,2.9262924194335938,2.8721237182617188,32.5898502170484,33.204499873822904,32.12029951536892,32.71771677450426,15618157,15426649,16377744,16183679
6,S-Bare,page_sweep,READ,4,4,128,4096,5571308685782523904,2125,2253,128,6.023529411764706,0,0,0,,2125,2253,128,6.023529411764706,0.518798828125,0.550048828125,183.8235294117647,173.37993786063026,183.8235294117647,173.37993786063026,16931125,16733209,17716150,17515520
7,S-Bare,page_sweep,WRITE,4,4,128,4096,0,2972,2971,-1,-0.033647375504710635,808,809,1,0.12376237623762376,3780,3780,0,0.0,0.7255859375,0.725341796875,131.4350605652759,131.47929989902389,103.33994708994709,103.33994708994709,18256724,18053756,19078997,18874041
8,S-Bare,page_sweep,COPY,4,4,128,4096,0,4116,3865,-251,-6.098153547133139,793,795,2,0.25220680958385877,4909,4660,-249,-5.072316154002852,1.0048828125,0.943603515625,94.90403304178814,101.06727037516171,79.57323283764514,83.82510729613733,19635972,19426771,20422977,20213247
9,S-Bare,page_sweep,READ,8,8,128,8192,6567808921864208384,3377,3381,4,0.11844832691738229,0,0,0,,3377,3381,4,0.11844832691738229,0.4122314453125,0.4127197265625,231.3443885105123,231.0706891452233,231.3443885105123,231.0706891452233,20977804,20764118,21762848,21546458
10,S-Bare,page_sweep,WRITE,8,8,128,8192,0,5528,5527,-1,-0.01808972503617945,803,803,0,0.0,6331,6330,-1,-0.0157952930026852,0.6748046875,0.6746826171875,141.32597684515196,141.35154695132982,123.40072658347812,123.42022116903634,22306251,22087522,23128544,22907814
11,S-Bare,page_sweep,COPY,8,8,128,8192,0,7690,6923,-767,-9.973992197659298,841,843,2,0.23781212841854935,8531,7766,-765,-8.967295744930254,0.938720703125,0.8450927734375,101.59297789336802,112.84847609417882,91.57777517289884,100.5987638423899,23689685,23464194,24478858,24250682
12,S-Bare,page_sweep,READ,16,16,128,16384,3555361717463941120,5683,5688,5,0.08798169980644026,0,0,0,,5683,5688,5,0.08798169980644026,0.34686279296875,0.34716796875,274.9428118951258,274.7011251758087,274.9428118951258,274.7011251758087,25036239,24804117,25825660,25590838
13,S-Bare,page_sweep,WRITE,16,16,128,16384,0,10647,10646,-1,-0.009392317084624777,937,937,0,0.0,11584,11583,-1,-0.008632596685082873,0.64984130859375,0.6497802734375,146.75495444726215,146.76873943265076,134.8843232044199,134.89596822930156,26374862,26137698,27203698,26964536
14,S-Bare,page_sweep,COPY,16,16,128,16384,0,14858,13067,-1791,-12.054112262754073,975,977,2,0.20512820512820512,15833,14044,-1789,-11.299185246005178,0.9068603515625,0.79754638671875,105.16220218064342,119.57603122369328,98.68628813238173,111.25747650242096,27773224,27528300,28568933,28321306
15,S-Bare,page_sweep,READ,32,32,128,32768,8709430104400855040,10287,10293,6,0.058326042578011085,0,0,0,,10287,10293,6,0.058326042578011085,0.313934326171875,0.314117431640625,303.7814717604744,303.6043913339162,303.7814717604744,303.6043913339162,29131482,28879880,29923181,29668841
16,S-Bare,page_sweep,WRITE,32,32,128,32768,0,20887,20886,-1,-0.004787666969885575,1201,1200,-1,-0.08326394671107411,22088,22086,-2,-0.009054690329590729,0.637420654296875,0.63739013671875,149.61459280892421,149.62175620032556,141.47953639985514,141.49234809381508,30483953,30227265,31315027,31056305
17,S-Bare,page_sweep,COPY,32,32,128,32768,0,29194,25355,-3839,-13.149962321024868,1239,1245,6,0.48426150121065376,30433,26600,-3833,-12.594880557289784,0.89093017578125,0.773773193359375,107.04254298828526,123.24985210017748,102.68458581145467,117.4812030075188,31901383,31634818,32699345,32430057
18,Sv39-4K,8K_warmed,READ,2,1024,8,65536,6863348401280905216,24676,24719,43,0.17425838871778246,0,0,0,,24676,24719,43,0.17425838871778246,0.37652587890625,0.3771820068359375,253.28254174096287,252.8419434443141,253.28254174096287,252.8419434443141,33287252,33013807,33972470,33696917
19,Sv39-4K,8K_warmed,WRITE,2,1024,8,65536,0,90381,82194,-8187,-9.058319779599694,3227,3213,-14,-0.43383947939262474,93608,85407,-8201,-8.761003333048457,1.3791046142578125,1.254180908203125,69.15170223830229,76.03961359709955,66.76779762413469,73.17901342981254,34623536,34336477,35360532,35071510
20,Sv39-4K,8K_warmed,COPY,2,1024,8,65536,0,147564,131185,-16379,-11.099590686075194,3231,3227,-4,-0.12380068090374496,150795,134412,-16383,-10.864418581517954,2.25164794921875,2.0017242431640625,42.35450380851698,47.642642070358654,41.44699757949534,46.49882450971639,36097239,35785843,36821632,36509905
21,Sv39-4K,128K_stream,READ,32,16384,1,131072,12868991267764166656,190721,188313,-2408,-1.2625772725604416,0,0,0,,190721,188313,-2408,-1.2625772725604416,1.4550857543945312,1.4367141723632812,65.54076373341164,66.3788479818175,65.54076373341164,66.3788479818175,37754292,37433517,38487892,38164717
22,Sv39-4K,128K_stream,WRITE,32,16384,1,131072,0,207561,207209,-352,-0.16958869922576977,10674,10664,-10,-0.09368559115608019,218235,217873,-362,-0.16587623433454762,1.5835647583007812,1.5808792114257812,60.22325966824211,60.32556500924188,57.27770522601782,57.37287318759093,39481795,39151973,40244633,39914473
23,Sv39-4K,128K_stream,COPY,32,16384,1,131072,0,497145,464164,-32981,-6.634080600227298,5567,5584,17,0.30537093587210346,502712,469748,-32964,-6.557233565142666,3.7929153442382812,3.541290283203125,25.143569783463576,26.930136762006534,24.865131526599722,26.610012176741574,41788206,41388361,42550093,42147709
24,Sv39-4K,page_sweep,READ,4,4,128,4096,5571308685782523904,2161,2065,-96,-4.442387783433595,0,0,0,,2161,2065,-96,-4.442387783433595,0.527587890625,0.504150390625,180.76122165664046,189.16464891041161,180.76122165664046,189.16464891041161,43104029,42697587,43891239,43482087
25,Sv39-4K,page_sweep,WRITE,4,4,128,4096,0,5908,5395,-513,-8.683141503046716,791,796,5,0.6321112515802781,6699,6191,-508,-7.583221376324825,1.4423828125,1.317138671875,66.11797562626947,72.4050046339203,58.31094193163159,63.095622678081085,44435094,44023084,45257369,44843347
26,Sv39-4K,page_sweep,COPY,4,4,128,4096,0,8714,7690,-1024,-11.751204957539592,827,830,3,0.36275695284159615,9541,8520,-1021,-10.701184362226181,2.12744140625,1.87744140625,44.827289419325226,50.79648894668401,40.9417251860392,45.84800469483568,45819623,45400612,46608823,46187110
27,Sv39-4K,page_sweep,READ,8,8,128,8192,6567808921864208384,3985,3983,-2,-0.050188205771643665,0,0,0,,3985,3983,-2,-0.050188205771643665,0.4864501953125,0.4862060546875,196.04767879548305,196.1461210143108,196.04767879548305,196.1461210143108,47165162,46739478,47952383,47523984
28,Sv39-4K,page_sweep,WRITE,8,8,128,8192,0,11539,10515,-1024,-8.874252534881705,805,802,-3,-0.37267080745341613,12344,11317,-1027,-8.319831497083603,1.4085693359375,1.2835693359375,67.70517375855793,74.29862101759392,63.2898574206092,69.03331271538394,48502374,48070598,49326813,48893016
29,Sv39-4K,page_sweep,COPY,8,8,128,8192,0,18237,16185,-2052,-11.25185063332785,877,880,3,0.34207525655644244,19114,17065,-2049,-10.719891179240348,2.2261962890625,1.9757080078125,42.83873444097165,48.270003089280195,40.87318196086638,45.78083797245825,49899776,49459941,50691152,50248620
30,Sv39-4K,page_sweep,READ,16,16,128,16384,3555361717463941120,7950,7931,-19,-0.2389937106918239,0,0,0,,7950,7931,-19,-0.2389937106918239,0.4852294921875,0.48406982421875,196.54088050314465,197.01172613793972,196.54088050314465,197.01172613793972,51252489,50805961,52044071,51594825
31,Sv39-4K,page_sweep,WRITE,16,16,128,16384,0,23607,21559,-2048,-8.675392891938833,941,936,-5,-0.5313496280552603,24548,22495,-2053,-8.363206778556298,1.44085693359375,1.31585693359375,66.18799508620324,72.47553226030892,63.65080658302102,69.4598799733274,52607336,52153682,53436134,52980459
32,Sv39-4K,page_sweep,COPY,16,16,128,16384,0,243723,239242,-4481,-1.8385626305272789,985,980,-5,-0.5076142131979695,244708,240222,-4486,-1.8332052895696096,14.87567138671875,14.6021728515625,6.410966548089429,6.531043880255139,6.385161089952106,6.504400096577332,54236675,53772508,55032420,54565542
33,Sv39-4K,page_sweep,READ,32,32,128,32768,8709430104400855040,243726,239243,-4483,-1.8393605934533042,0,0,0,,243726,239243,-4483,-1.8393605934533042,7.43792724609375,7.301116943359375,12.821775272231932,13.062033162934757,12.821775272231932,13.062033162934757,55831519,55356157,56625370,56147261
34,Sv39-4K,page_sweep,WRITE,32,32,128,32768,0,251122,246866,-4256,-1.6947937655800767,1200,1199,-1,-0.08333333333333333,252322,248065,-4257,-1.6871299371438082,7.66363525390625,7.53375244140625,12.444150651874388,12.658689329433782,12.384968413376559,12.597504686271744,57418440,56933690,58251645,57764883
35,Sv39-4K,page_sweep,COPY,32,32,128,32768,0,487437,478028,-9409,-1.9303007363002809,1246,1241,-5,-0.4012841091492777,488683,479269,-9414,-1.9264021871028867,14.875396728515625,14.5882568359375,6.411084919692186,6.5372739672153095,6.39473851146858,6.520346611193297,59300167,58799950,60098162,59595205
36,Sv39-2M,8K_warmed,READ,2,1024,8,65536,6863348401280905216,24676,24721,45,0.1823634300534933,0,0,0,,24676,24721,45,0.1823634300534933,0.37652587890625,0.3772125244140625,253.28254174096287,252.82148780389142,253.28254174096287,252.82148780389142,60685581,60178440,61370758,60861508
37,Sv39-2M,8K_warmed,WRITE,2,1024,8,65536,0,90380,82194,-8186,-9.057313564947997,3226,3219,-7,-0.21698698078115314,93606,85413,-8193,-8.752644061278124,1.37908935546875,1.254180908203125,69.1524673600354,76.03961359709955,66.76922419503023,73.17387282966293,62021329,61500593,62758359,62235654
38,Sv39-2M,8K_warmed,COPY,2,1024,8,65536,0,147565,131186,-16379,-11.09951546775997,3231,3236,5,0.1547508511296812,150796,134422,-16374,-10.85837820631847,2.2516632080078125,2.001739501953125,42.3542167858232,47.642278901712075,41.44672272474071,46.49536534198271,63494470,62949423,64218903,63673533
39,Sv39-2M,128K_stream,READ,32,16384,1,131072,12868991267764166656,188801,186412,-2389,-1.265353467407482,0,0,0,,188801,186412,-2389,-1.265353467407482,1.4404373168945312,1.422210693359375,66.20727644451036,67.05576894191361,66.20727644451036,67.05576894191361,65147308,64592929,65880836,65324046
40,Sv39-2M,128K_stream,WRITE,32,16384,1,131072,0,205962,205764,-198,-0.09613423835464795,10663,10668,5,0.046891118822095096,216625,216432,-193,-0.08909405654933641,1.5713653564453125,1.569854736328125,60.690807042075726,60.749207830329894,57.70340450086555,57.75486064907223,66871058,66307873,67633928,67070425
41,Sv39-2M,128K_stream,COPY,32,16384,1,131072,0,493923,460856,-33067,-6.694768212859089,5565,5573,8,0.14375561545372867,499488,466429,-33059,-6.61857742328144,3.7683334350585938,3.51605224609375,25.307588429775493,27.123439859739268,25.025626241271063,26.799362818349632,69170651,68537324,69932553,69296689
42,Sv39-2M,page_sweep,READ,4,4,128,4096,5571308685782523904,2161,2065,-96,-4.442387783433595,0,0,0,,2161,2065,-96,-4.442387783433595,0.527587890625,0.504150390625,180.76122165664046,189.16464891041161,180.76122165664046,189.16464891041161,70485830,69845906,71273007,70630375
43,Sv39-2M,page_sweep,WRITE,4,4,128,4096,0,5908,5395,-513,-8.683141503046716,794,797,3,0.3778337531486146,6702,6192,-510,-7.609668755595345,1.4423828125,1.317138671875,66.11797562626947,72.4050046339203,58.284840346165325,63.08543281653747,71816259,71170778,72638431,71990957
44,Sv39-2M,page_sweep,COPY,4,4,128,4096,0,8714,7701,-1013,-11.624971310534772,827,832,5,0.6045949214026602,9541,8533,-1008,-10.564930300807044,2.12744140625,1.880126953125,44.827289419325226,50.72393195688871,40.9417251860392,45.77815539669518,73199886,72547433,73989058,73333907
45,Sv39-2M,page_sweep,READ,8,8,128,8192,6567808921864208384,3985,3983,-2,-0.050188205771643665,0,0,0,,3985,3983,-2,-0.050188205771643665,0.4864501953125,0.4862060546875,196.04767879548305,196.1461210143108,196.04767879548305,196.1461210143108,74544374,73885275,75331560,74669763
46,Sv39-2M,page_sweep,WRITE,8,8,128,8192,0,11539,10515,-1024,-8.874252534881705,802,802,0,0.0,12341,11317,-1024,-8.297544769467628,1.4085693359375,1.2835693359375,67.70517375855793,74.29862101759392,63.30524268697837,69.03331271538394,75880780,75215588,76705123,76037927
47,Sv39-2M,page_sweep,COPY,8,8,128,8192,0,17418,15373,-2045,-11.74072798254679,873,881,8,0.9163802978235968,18291,16254,-2037,-11.136624569460391,2.126220703125,1.8765869140625,44.85302560569526,50.81961881220322,42.71226286151659,48.065091669742834,77275895,76602687,78067237,77391334
48,Sv39-2M,page_sweep,READ,16,16,128,16384,3555361717463941120,7058,7057,-1,-0.014168319637291017,0,0,0,,7058,7057,-1,-0.014168319637291017,0.4307861328125,0.43072509765625,221.37999433267214,221.41136460252233,221.37999433267214,221.41136460252233,78625948,77946072,79417498,78734908
49,Sv39-2M,page_sweep,WRITE,16,16,128,16384,0,22803,20755,-2048,-8.981274393720124,937,940,3,0.32017075773745995,23740,21695,-2045,-8.614153327716933,1.39178466796875,1.26678466796875,68.52168574310397,75.28306432185016,65.81718618365628,72.02120304217561,79978729,79291728,80807431,80118426
50,Sv39-2M,page_sweep,COPY,16,16,128,16384,0,34826,30733,-4093,-11.752713489921323,1011,1018,7,0.6923837784371909,35837,31751,-4086,-11.401624019867734,2.1256103515625,1.87579345703125,44.865904783782234,50.84111541339928,43.600189748025784,49.2110484709143,81396948,80699864,82194828,81495040
51,Sv39-2M,page_sweep,READ,32,32,128,32768,8709430104400855040,13202,13201,-1,-0.007574609907589759,0,0,0,,13202,13201,-1,-0.007574609907589759,0.40289306640625,0.402862548828125,236.70655961217997,236.7244905688963,236.70655961217997,236.7244905688963,82760294,82056548,83554108,82847633
52,Sv39-2M,page_sweep,WRITE,32,32,128,32768,0,45331,41235,-4096,-9.0357591934879,1203,1202,-1,-0.0831255195344971,46534,42437,-4097,-8.804315124425152,1.383392333984375,1.258392333984375,68.93737177648849,75.7851339881169,67.15519834959385,73.63857011570092,84139330,83426419,84970286,84255321
53,Sv39-2M,page_sweep,COPY,32,32,128,32768,0,69642,61453,-8189,-11.758708825134258,1275,1280,5,0.39215686274509803,70917,62733,-8184,-11.540251279664961,2.12530517578125,1.875396728515625,44.87234714683668,50.85187053520577,44.06559781152615,49.81429231823761,85597229,84870051,86395200,85665287
